{
  "folds": 635,
  "n_queries": {
    "all": 25752,
    "novel": 18668,
    "repeat": 17836
  },
  "recall": {
    "all": {
      "r@100": 0.5656699877676674,
      "r@200": 0.649756275240138,
      "r@500": 0.7531609508460492,
      "r@1000": 0.8047410058473298
    },
    "novel": {
      "r@100": 0.1408125601953522,
      "r@200": 0.24517342781828597,
      "r@500": 0.4377418917570079,
      "r@1000": 0.5523650485754619
    },
    "repeat": {
      "r@100": 0.9063420184595951,
      "r@200": 0.9684083723564801,
      "r@500": 0.9961730078520995,
      "r@1000": 0.9999289203600912
    }
  },
  "avg_candidates": 951.8,
  "k_values": [
    100,
    200,
    500,
    1000
  ]
}