{
  "1337": [
    {
      "name": "base",
      "families": [
        "base"
      ],
      "importances": {
        "m_total_trades": 9404.614794969559,
        "m_distinct_tickers": 20098.861538887024,
        "m_trades_per_month": 6674.907710313797,
        "m_buy_ratio": 11122.389135599136,
        "m_days_since_last_trade": 16924.066609740257,
        "m_active_days": 13800.111285805702,
        "mt_decayed_freq": 34899.93253707886,
        "mt_trade_count": 4971.796828150749,
        "mt_buy_count": 3592.456655859947,
        "mt_sell_count": 2979.636854290962,
        "mt_days_since_last": 63683.76101624966,
        "mt_is_repeat": 3.41759991645813,
        "h_net_position": 6941.068606734276,
        "h_is_held": 711.0260004997253,
        "pop_peer_count": 3512.3159905672073,
        "pop_chamber_count": 2692.9160389900208,
        "pop_global_count": 10158.439527511597,
        "pop_peer_recent_count": 172.75234818458557,
        "pop_global_recent_count": 1533.1298032999039,
        "pop_global_novel": 2557.0147025585175,
        "pop_peer_novel": 97.25162863731384,
        "cand_recip_rank": 224092.45591783524
      },
      "map": 0.3042504329257728,
      "novel_r20": 0.052509184815615305,
      "repeat_r20": 0.6335276633991503,
      "d_map": 0.0,
      "d_novel_r20": 0.0,
      "d_repeat_r20": 0.0
    },
    {
      "name": "+market",
      "families": [
        "base",
        "market"
      ],
      "importances": {
        "m_total_trades": 8440.206708312035,
        "m_distinct_tickers": 17463.953116059303,
        "m_trades_per_month": 6134.062291622162,
        "m_buy_ratio": 8671.71105825901,
        "m_days_since_last_trade": 10353.786679029465,
        "m_active_days": 8463.852061510086,
        "mt_decayed_freq": 29017.055726528168,
        "mt_trade_count": 4617.4692714214325,
        "mt_buy_count": 3586.0082553625107,
        "mt_sell_count": 2579.9623470306396,
        "mt_days_since_last": 56464.003495574,
        "mt_is_repeat": 0.0,
        "h_net_position": 7716.991082549095,
        "h_is_held": 567.1764349937439,
        "pop_peer_count": 2085.9608001708984,
        "pop_chamber_count": 2257.78015935421,
        "pop_global_count": 4107.330222129822,
        "pop_peer_recent_count": 198.2565999031067,
        "pop_global_recent_count": 898.6238752603531,
        "pop_global_novel": 1308.3307001590729,
        "pop_peer_novel": 37.397629499435425,
        "cand_recip_rank": 238749.09789967537,
        "mkt_momentum": 1284.7425906658173,
        "mkt_volatility": 1338.6227996349335,
        "mkt_log_mktcap": 30089.21997344494,
        "mkt_sector_match": 278.61965823173523,
        "mkt_sector_affinity": 4869.573770642281
      },
      "map": 0.3020212237504546,
      "novel_r20": 0.05659320131937831,
      "repeat_r20": 0.6314106813062087,
      "d_map": -0.002229209175318214,
      "d_novel_r20": 0.004084016503763006,
      "d_repeat_r20": -0.002116982092941644
    },
    {
      "name": "+member",
      "families": [
        "base",
        "market",
        "member"
      ],
      "importances": {
        "m_total_trades": 7524.91012609005,
        "m_distinct_tickers": 19471.47228348255,
        "m_trades_per_month": 4703.936929106712,
        "m_buy_ratio": 8035.81542634964,
        "m_days_since_last_trade": 12723.14107966423,
        "m_active_days": 7718.87813770771,
        "mt_decayed_freq": 17222.510113954544,
        "mt_trade_count": 4903.456734657288,
        "mt_buy_count": 3346.020566701889,
        "mt_sell_count": 2705.6142188310623,
        "mt_days_since_last": 64364.453078985214,
        "mt_is_repeat": 5.454170227050781,
        "h_net_position": 7277.584925055504,
        "h_is_held": 1273.498386144638,
        "pop_peer_count": 2183.572166085243,
        "pop_chamber_count": 1842.5321754217148,
        "pop_global_count": 4784.046098232269,
        "pop_peer_recent_count": 74.27937984466553,
        "pop_global_recent_count": 1024.721067905426,
        "pop_global_novel": 1403.298968076706,
        "pop_peer_novel": 32.4515095949173,
        "cand_recip_rank": 242172.4780088663,
        "mkt_momentum": 1148.487740278244,
        "mkt_volatility": 1438.1486774682999,
        "mkt_log_mktcap": 27355.834164857864,
        "mkt_sector_match": 170.35244369506836,
        "mkt_sector_affinity": 4815.11854660511,
        "mem_is_house": 396.6094499826431,
        "mem_is_senate": 584.8010376691818,
        "mem_party_d": 536.7841393947601,
        "mem_party_r": 386.9987120628357,
        "mem_hq_state_match": 284.01183092594147
      },
      "map": 0.30221899933315116,
      "novel_r20": 0.056994311766450236,
      "repeat_r20": 0.6325969888361058,
      "d_map": -0.0020314335926216454,
      "d_novel_r20": 0.004485126950834931,
      "d_repeat_r20": -0.0009306745630445201
    }
  ],
  "99": [
    {
      "name": "base",
      "families": [
        "base"
      ],
      "importances": {
        "m_total_trades": 9040.650660157204,
        "m_distinct_tickers": 19756.89271557331,
        "m_trades_per_month": 5872.465896725655,
        "m_buy_ratio": 9702.871719121933,
        "m_days_since_last_trade": 13916.008774280548,
        "m_active_days": 17449.8836209774,
        "mt_decayed_freq": 19111.697803497314,
        "mt_trade_count": 8042.196798086166,
        "mt_buy_count": 4115.156950473785,
        "mt_sell_count": 2696.6870070695877,
        "mt_days_since_last": 63645.70934319496,
        "mt_is_repeat": 0.0,
        "h_net_position": 6374.014519095421,
        "h_is_held": 740.1054558753967,
        "pop_peer_count": 3576.6279040575027,
        "pop_chamber_count": 2611.100757598877,
        "pop_global_count": 9590.820084691048,
        "pop_peer_recent_count": 155.07337033748627,
        "pop_global_recent_count": 1514.5030739307404,
        "pop_global_novel": 2383.763824224472,
        "pop_peer_novel": 66.97117924690247,
        "cand_recip_rank": 243545.5285961628
      },
      "map": 0.3048630980931965,
      "novel_r20": 0.04929957428885524,
      "repeat_r20": 0.6334826674438496,
      "d_map": 0.0,
      "d_novel_r20": 0.0,
      "d_repeat_r20": 0.0
    },
    {
      "name": "+market",
      "families": [
        "base",
        "market"
      ],
      "importances": {
        "m_total_trades": 8836.460232019424,
        "m_distinct_tickers": 19011.893196582794,
        "m_trades_per_month": 6159.539413928986,
        "m_buy_ratio": 8077.950091123581,
        "m_days_since_last_trade": 12030.932361125946,
        "m_active_days": 8733.47859442234,
        "mt_decayed_freq": 25269.738094329834,
        "mt_trade_count": 5448.673881053925,
        "mt_buy_count": 2959.331951379776,
        "mt_sell_count": 2736.406262397766,
        "mt_days_since_last": 59438.155510663986,
        "mt_is_repeat": 15.790900230407715,
        "h_net_position": 7712.425653576851,
        "h_is_held": 454.9118381738663,
        "pop_peer_count": 2057.476652741432,
        "pop_chamber_count": 1985.3298649787903,
        "pop_global_count": 4059.986347556114,
        "pop_peer_recent_count": 107.96581053733826,
        "pop_global_recent_count": 956.9146213531494,
        "pop_global_novel": 2011.4038190841675,
        "pop_peer_novel": 36.51677989959717,
        "cand_recip_rank": 240240.72670209408,
        "mkt_momentum": 1255.5834993124008,
        "mkt_volatility": 1373.6817194223404,
        "mkt_log_mktcap": 26955.94061088562,
        "mkt_sector_match": 265.75539207458496,
        "mkt_sector_affinity": 4866.090959310532
      },
      "map": 0.3049414070241701,
      "novel_r20": 0.0586638507105826,
      "repeat_r20": 0.6325113606648022,
      "d_map": 7.830893097360292e-05,
      "d_novel_r20": 0.009364276421727366,
      "d_repeat_r20": -0.0009713067790474428
    },
    {
      "name": "+member",
      "families": [
        "base",
        "market",
        "member"
      ],
      "importances": {
        "m_total_trades": 7946.69402384758,